{
  "last_video_post_time": 1766714139.667047,
  "last_magnet_post_time": 1766701021.31289,
  "video_index": 0
}