{
  "last_video_post_time": 1766714139.667047,
  "last_magnet_post_time": 1767594131.968081,
  "video_index": 0
}