{
  "last_video_post_time": 1766714139.667047,
  "last_magnet_post_time": 1767802539.241854,
  "video_index": 0
}